{
  "emitters": [
    {
      "autoEmit": false,
      "billboard": true,
      "burstCount": 20,
      "colMax": [
        1.0,
        1.0,
        1.0,
        0.6000000238418579
      ],
      "colMin": [
        0.699999988079071,
        0.699999988079071,
        0.699999988079071,
        0.20000000298023224
      ],
      "emitRate": 45.0,
      "lifeMax": 1.600000023841858,
      "lifeMin": 0.800000011920929,
      "maxInstances": 128,
      "name": "Smoke",
      "posMax": [
        1.0,
        0.0,
        1.0
      ],
      "posMin": [
        -1.0,
        0.0,
        -1.0
      ],
      "scaleMax": [
        0.8999999761581421,
        0.8999999761581421,
        0.8999999761581421
      ],
      "scaleMin": [
        0.4000000059604645,
        0.4000000059604645,
        0.4000000059604645
      ],
      "texture": "particle.png",
      "type": "Primitive",
      "velMax": [
        0.5,
        1.7999999523162842,
        0.5
      ],
      "velMin": [
        -0.5,
        0.800000011920929,
        -0.5
      ]
    },
    {
      "autoEmit": false,
      "billboard": true,
      "burstCount": 32,
      "colMax": [
        1.0,
        0.8999999761581421,
        1.0,
        0.8999999761581421
      ],
      "colMin": [
        0.800000011920929,
        0.6000000238418579,
        1.0,
        0.8999999761581421
      ],
      "emitRate": 30.0,
      "lifeMax": 1.2000000476837158,
      "lifeMin": 0.6000000238418579,
      "maxInstances": 128,
      "name": "Ring",
      "posMax": [
        0.0,
        0.0,
        0.0
      ],
      "posMin": [
        0.0,
        0.0,
        0.0
      ],
      "scaleMax": [
        1.2000000476837158,
        1.2000000476837158,
        1.0
      ],
      "scaleMin": [
        0.800000011920929,
        0.800000011920929,
        1.0
      ],
      "texture": "particle.png",
      "type": "Ring",
      "velMax": [
        0.0,
        0.0,
        0.0
      ],
      "velMin": [
        0.0,
        0.0,
        0.0
      ]
    },
    {
      "autoEmit": false,
      "billboard": true,
      "burstCount": 10,
      "colMax": [
        0.8999999761581421,
        1.0,
        1.0,
        0.8999999761581421
      ],
      "colMin": [
        0.6000000238418579,
        0.800000011920929,
        1.0,
        0.699999988079071
      ],
      "emitRate": 25.0,
      "lifeMax": 1.7999999523162842,
      "lifeMin": 0.800000011920929,
      "maxInstances": 128,
      "name": "Fountain",
      "posMax": [
        0.5,
        0.0,
        0.5
      ],
      "posMin": [
        -0.5,
        0.0,
        -0.5
      ],
      "scaleMax": [
        1.0,
        1.0,
        1.0
      ],
      "scaleMin": [
        1.0,
        1.0,
        1.0
      ],
      "texture": "particle.png",
      "type": "Cylinder",
      "velMax": [
        0.20000000298023224,
        2.5,
        0.20000000298023224
      ],
      "velMin": [
        -0.20000000298023224,
        1.5,
        -0.20000000298023224
      ]
    },
    {
      "autoEmit": false,
      "billboard": true,
      "burstCount": 40,
      "colMax": [
        1.0,
        1.0,
        0.800000011920929,
        0.8999999761581421
      ],
      "colMin": [
        1.0,
        0.800000011920929,
        0.5,
        0.699999988079071
      ],
      "emitRate": 30.0,
      "lifeMax": 1.399999976158142,
      "lifeMin": 0.699999988079071,
      "maxInstances": 128,
      "name": "Radial",
      "posMax": [
        0.0,
        0.0,
        0.0
      ],
      "posMin": [
        0.0,
        0.0,
        0.0
      ],
      "scaleMax": [
        1.0,
        1.0,
        1.0
      ],
      "scaleMin": [
        1.0,
        1.0,
        1.0
      ],
      "texture": "particle.png",
      "type": "Original",
      "velMax": [
        3.0,
        0.0,
        0.0
      ],
      "velMin": [
        1.0,
        0.0,
        0.0
      ]
    }
  ],
  "version": 1
}